,Model,Train_error,Test_error
SVM_w2v_1,SVM_w2v_1,23.13740038994763,23.51656787381088
SVM_glove_1,SVM_glove_1,12.563098581228923,12.424945421248404
